nombre,artista,album,genero,año
Diles,Bad Bunny,Diles,latin,2016
Soy Peor,Bad Bunny,Soy Peor,latin,2016
1986,Bad Bunny,1986,latin,2016
A Ronda,ROSALÍA,Instinto de Sobrevivência,latin,2016
Degradação,ROSALÍA,Instinto de Sobrevivência,latin,2016
A Diferença,ROSALÍA,Instinto de Sobrevivência,latin,2016
Cromossomos,ROSALÍA,Instinto de Sobrevivência,latin,2016
Evoluoj,ROSALÍA,Instinto de Sobrevivência,latin,2016
Cadeado Mental,ROSALÍA,Instinto de Sobrevivência,latin,2016
Interlude,ROSALÍA,Instinto de Sobrevivência,latin,2016
Instinto de Sobrevivência,ROSALÍA,Instinto de Sobrevivência,latin,2016
Degradadub,ROSALÍA,Instinto de Sobrevivência,latin,2016
Risveglio,ROSALÍA,Cuore Di Padre,latin,2016
Tu Sei Buono,ROSALÍA,Cuore Di Padre,latin,2016
Tocca La Mia Anima,ROSALÍA,Cuore Di Padre,latin,2016
Io Mi Arrendo a Te (feat. Antonio De Masi),ROSALÍA,Cuore Di Padre,latin,2016
La Tua Presenza Mi Guarisce (feat. Rosalia Giovanna Spanò),ROSALÍA,Cuore Di Padre,latin,2016
Tempo Di Libertà (feat. Rosalia Giovanna Spanò),ROSALÍA,Cuore Di Padre,latin,2016
Ezechiele 37 (feat. Rosalia Giovanna Spanò),ROSALÍA,Cuore Di Padre,latin,2016
"Il Signore è Il Mio Pastore (feat. Rosalia Giovanna Spanò, Antonio De Masi & Guido Focardi)",ROSALÍA,Cuore Di Padre,latin,2016
"Cuore Di Padre (feat. Antonio De Masi, Rosalia Giovanna Spanò & Morning Star Italy / Stella Del Mattino)",ROSALÍA,Cuore Di Padre,latin,2016
"Tu Solo (feat. Rosalia Giovanna Spanò, Antonio De Masi & Guido Focardi)",ROSALÍA,Cuore Di Padre,latin,2016
Adorarte,ROSALÍA,Soy de Ti,latin,2016
Where Would I Be,ROSALÍA,Soy de Ti,latin,2016
Nada,ROSALÍA,Soy de Ti,latin,2016
El Angel del Senor,ROSALÍA,Soy de Ti,latin,2016
Eres Tu,ROSALÍA,Soy de Ti,latin,2016
Quien Lo Diria,ROSALÍA,Soy de Ti,latin,2016
Soy de Ti,ROSALÍA,Soy de Ti,latin,2016
Sin Ti,ROSALÍA,Soy de Ti,latin,2016
Ninguna Cosa Creada,ROSALÍA,Soy de Ti,latin,2016
"The Sutton Songs: No. 1, After He Died",Beéle,Alan Beeler: Vocal Music,latin,2016
"The Sutton Songs: No. 2, Cold Iron Bars of Winter",Beéle,Alan Beeler: Vocal Music,latin,2016
"The Sutton Songs: No. 3, A History of Laughter",Beéle,Alan Beeler: Vocal Music,latin,2016
"The Sutton Songs: No. 4, Bybee Pottery",Beéle,Alan Beeler: Vocal Music,latin,2016
"The Sutton Songs: No. 5, Kentucky Racetrack",Beéle,Alan Beeler: Vocal Music,latin,2016
"The Sutton Songs: No. 6, Relatively Speaking",Beéle,Alan Beeler: Vocal Music,latin,2016
"The Sutton Songs: No. 7, When We Got Married",Beéle,Alan Beeler: Vocal Music,latin,2016
"Symphony No. 3 ""Shaker Hymns"": I. Allegro",Beéle,Alan Beeler: Vocal Music,latin,2016
"Symphony No. 3 ""Shaker Hymns"": II. Andante",Beéle,Alan Beeler: Vocal Music,latin,2016
"Symphony No. 3 ""Shaker Hymns"": III. Scherzo. Allegretto",Beéle,Alan Beeler: Vocal Music,latin,2016
"Symphony No. 3 ""Shaker Hymns"": IV. Finale. Broadly",Beéle,Alan Beeler: Vocal Music,latin,2016
Jabberwocky,Beéle,Alan Beeler: Vocal Music,latin,2016
Inhuman Henry,Beéle,Alan Beeler: Vocal Music,latin,2016
"Soldado Y Profeta (feat. Ozuna, Almighty, Kendo & Ñengo Flow)",Anuel AA,"Soldado Y Profeta (Remix) [feat. Ozuna, Almighty, Kendo & Ñengo Flow]",latin,2016
Check,Anuel AA,Check,latin,2016
No Love,Anuel AA,No Love,latin,2016
Nacimos Pa Morir (feat. Jory Boy),Anuel AA,Nacimos Pa Morir (feat. Jory Boy),latin,2016
47,Anuel AA,47,latin,2016
Sola (Remix),Anuel AA,Sola (Remix),latin,2016
En El Castillo,Anuel AA,En El Castillo,latin,2016
La Bella y La Bestia,Anuel AA,La Bella y La Bestia,latin,2016
Nunca Sapo,Anuel AA,Nunca Sapo,latin,2016
Sola,Anuel AA,Sola,latin,2016
Suelto,Quevedo,Suelto,latin,2016
Back on Duty,Quevedo,Visual Notes,latin,2016
Dark Discovery,Quevedo,Visual Notes,latin,2016
Carpet Lean,Quevedo,Visual Notes,latin,2016
Chasy Gum,Quevedo,Visual Notes,latin,2016
Chewing Present,Quevedo,Visual Notes,latin,2016
Choosy Mate,Quevedo,Visual Notes,latin,2016
City Lights Descent,Quevedo,Visual Notes,latin,2016
Cristal Sweat,Quevedo,Visual Notes,latin,2016
Daily Tough,Quevedo,Visual Notes,latin,2016
Dorian Statue,Quevedo,Visual Notes,latin,2016
Doubty Take Off,Quevedo,Visual Notes,latin,2016
Dreammy Encounter,Quevedo,Visual Notes,latin,2016
Droids Facility,Quevedo,Visual Notes,latin,2016
Drops Game,Quevedo,Visual Notes,latin,2016
East Phase,Quevedo,Visual Notes,latin,2016
Endless Traffic,Quevedo,Visual Notes,latin,2016
Epic Company,Quevedo,Visual Notes,latin,2016
Eternal Hope,Quevedo,Visual Notes,latin,2016
Evidence Gap,Quevedo,Visual Notes,latin,2016
Floating Walk,Quevedo,Visual Notes,latin,2016
Funky Wearing,Quevedo,Visual Notes,latin,2016
Fusionery,Quevedo,Visual Notes,latin,2016
Hand Building,Quevedo,Visual Notes,latin,2016
Handicap,Quevedo,Visual Notes,latin,2016
Hard Hope,Quevedo,Visual Notes,latin,2016
Inches Ahead,Quevedo,Visual Notes,latin,2016
Intimate Scent,Quevedo,Visual Notes,latin,2016
Iterative,Quevedo,Visual Notes,latin,2016
Late Hang Out,Quevedo,Visual Notes,latin,2016
Lazy Look,Quevedo,Visual Notes,latin,2016
On Mere Uncertanty,Quevedo,Visual Notes,latin,2016
On Those Proyects,Quevedo,Visual Notes,latin,2016
Optimus Energy,Quevedo,Visual Notes,latin,2016
Oxidized Roof,Quevedo,Visual Notes,latin,2016
Past`s Home,Quevedo,Visual Notes,latin,2016
Prime Virtue,Quevedo,Visual Notes,latin,2016
Pure Glimpse,Quevedo,Visual Notes,latin,2016
Riding Cold,Quevedo,Visual Notes,latin,2016
Sensible Departure,Quevedo,Visual Notes,latin,2016
Sightless,Quevedo,Visual Notes,latin,2016
Stright Cooper,Quevedo,Visual Notes,latin,2016
Summer Rulette,Quevedo,Visual Notes,latin,2016
Tango´s Shade,Quevedo,Visual Notes,latin,2016
Tempered Patience,Quevedo,Visual Notes,latin,2016
Tense Plate,Quevedo,Visual Notes,latin,2016
Tomorrows to Go,Quevedo,Visual Notes,latin,2016
Waiting Yard,Quevedo,Visual Notes,latin,2016
Por Confiar en el Amor,Quevedo,Sueños Hechos Realidad,latin,2016
Bailando Llegó Septiembre,Quevedo,Sueños Hechos Realidad,latin,2016
Pedacito de Cielo,Quevedo,Sueños Hechos Realidad,latin,2016
Semillas de un Gran Amor,Quevedo,Sueños Hechos Realidad,latin,2016
Así Nació Nuestro Amor,Quevedo,Sueños Hechos Realidad,latin,2016
Fueron Tus Ojos (Cueca),Quevedo,Sueños Hechos Realidad,latin,2016
Así Nació Nuestro Amor,Quevedo,Así Nació Nuestro Amor,latin,2016
Suelto,Quevedo,Suelto,latin,2016
A Lenda da Cigana,Quevedo,A Lenda da Cigana,latin,2016
La Letra,Myke Towers,El Final del Principio,latin,2016
Día de Cobro,Myke Towers,El Final del Principio,latin,2016
Dinero En Mano,Myke Towers,El Final del Principio,latin,2016
Déjate Ver,Myke Towers,El Final del Principio,latin,2016
No Sabe Nada,Myke Towers,El Final del Principio,latin,2016
Desahogate,Myke Towers,El Final del Principio,latin,2016
Interesante,Myke Towers,El Final del Principio,latin,2016
Alternativas,Myke Towers,El Final del Principio,latin,2016
Contra Quien Sea,Myke Towers,El Final del Principio,latin,2016
Habitación 420,Myke Towers,El Final del Principio,latin,2016
Amor Juvenil,Myke Towers,Amor Juvenil,latin,2016
Inverso (feat. Messiah),Myke Towers,Inverso (feat. Messiah),latin,2016
La Letra,Myke Towers,El Final del Principio,latin,2016
Dia De Cobro,Myke Towers,El Final del Principio,latin,2016
Dinero En Mano,Myke Towers,El Final del Principio,latin,2016
Dejate Ver,Myke Towers,El Final del Principio,latin,2016
No Sabe Nada,Myke Towers,El Final del Principio,latin,2016
Desahogate,Myke Towers,El Final del Principio,latin,2016
Interesante,Myke Towers,El Final del Principio,latin,2016
Alternativas,Myke Towers,El Final del Principio,latin,2016
Contra Quien Sea,Myke Towers,El Final del Principio,latin,2016
Habitacion 420,Myke Towers,El Final del Principio,latin,2016
Las Aventuras De María - Audio Cuento,Mora,Un Mundo Mágico Y Musical Para María,latin,2016
Vamos a Dormir - Nana Para María,Mora,Un Mundo Mágico Y Musical Para María,latin,2016
Vamos a Dormir - Cajita De Música,Mora,Un Mundo Mágico Y Musical Para María,latin,2016
Los Pollitos - Canción Cantada Por María,Mora,Un Mundo Mágico Y Musical Para María,latin,2016
Vamos a Dormir - Jazz,Mora,Un Mundo Mágico Y Musical Para María,latin,2016
Sonata Para Maria a Piano Nº 1,Mora,Un Mundo Mágico Y Musical Para María,latin,2016
Vamos a Dormir - Instrumental Clásica,Mora,Un Mundo Mágico Y Musical Para María,latin,2016
Los Pollitos 2 - Canción Cantada Por María,Mora,Un Mundo Mágico Y Musical Para María,latin,2016
Vamos a Dormir - Pitufilandia,Mora,Un Mundo Mágico Y Musical Para María,latin,2016
Vamos a Dormir - DJ Remix,Mora,Un Mundo Mágico Y Musical Para María,latin,2016
Vamos a Dormir - Extendia Cajita De Música,Mora,Un Mundo Mágico Y Musical Para María,latin,2016
Live Forever,Mora,Live Forever,latin,2016
Lonesome Soul,Mora,Desolate Divine,latin,2016
Clip Paper Wings,Mora,Desolate Divine,latin,2016
Walls,Mora,Desolate Divine,latin,2016
Trail Of Blood,Mora,Desolate Divine,latin,2016
Version Of Me,Mora,Desolate Divine,latin,2016
Home Bittersweet Home,Mora,Desolate Divine,latin,2016
Misery Hates Company,Mora,Desolate Divine,latin,2016
Perfect Strangers,Mora,Desolate Divine,latin,2016
Broken Vessel,Mora,Desolate Divine,latin,2016
Fauxtographic Memory,Mora,Desolate Divine,latin,2016
Keep Me In My Body,Mora,Desolate Divine,latin,2016
Needin' U - Club Mix,Mora,Needin' U (Club Mix),latin,2016
Arabia,Mora,Arabia,latin,2016
Answer of Life,Mora,Transcendent,latin,2016
Don't Give Up,Mora,Transcendent,latin,2016
Edge of Love,Mora,Transcendent,latin,2016
I'm Back,Mora,Transcendent,latin,2016
Lost and Lonely,Mora,Transcendent,latin,2016
I'm Flying High,Mora,Transcendent,latin,2016
Within Your Eyes,Mora,Transcendent,latin,2016
Midst of June,Mora,Transcendent,latin,2016
There's No Denying,Mora,Transcendent,latin,2016
To Be an Honest Man,Mora,Transcendent,latin,2016
Baby I'm Yours,Mora,Transcendent,latin,2016
Euphoria,Mora,Transcendent,latin,2016
Mi Nuevo Vicio,Mora,Sobre El Amor Y Sus Efectos Secundarios,latin,2016
En Un Sólo Dia,Mora,Sobre El Amor Y Sus Efectos Secundarios,latin,2016
Aprender A Quererte,Mora,Sobre El Amor Y Sus Efectos Secundarios,latin,2016
Yo Más Te Adoro,Mora,Sobre El Amor Y Sus Efectos Secundarios,latin,2016
Di Que No Te Vas,Mora,Sobre El Amor Y Sus Efectos Secundarios,latin,2016
Cómo Te Atreves,Mora,Sobre El Amor Y Sus Efectos Secundarios,latin,2016
Una Vez Más,Mora,Sobre El Amor Y Sus Efectos Secundarios,latin,2016
Mil Tormentas,Mora,Sobre El Amor Y Sus Efectos Secundarios,latin,2016
Ahora Que No Puedo Hablar,Mora,Sobre El Amor Y Sus Efectos Secundarios,latin,2016
Cuánto Me Duele,Mora,Sobre El Amor Y Sus Efectos Secundarios,latin,2016
Ya No Estás Tú,Mora,Sobre El Amor Y Sus Efectos Secundarios,latin,2016
Mi Nuevo Vicio,Mora,Sobre El Amor Y Sus Efectos Secundarios,latin,2016
Hacerlo de Día,Mora,Hacerlo de Día,latin,2016
Sencillo,Mora,Hacerlo de Día,latin,2016
Recreo,Mora,Hacerlo de Día,latin,2016
Qué Pasará,Mora,Hacerlo de Día,latin,2016
Thajjidayi Wahdi,Mora,Amnayi Amnayi,latin,2016
Amnayi Amnayi,Mora,Amnayi Amnayi,latin,2016
Nniagham Baadayi,Mora,Amnayi Amnayi,latin,2016
Wadam Tsimahigh,Mora,Amnayi Amnayi,latin,2016
Wjjigh Datajar,Mora,Amnayi Amnayi,latin,2016
Adoyagh Adakhrigh,Mora,Amnayi Amnayi,latin,2016
Ese Soy Yo,Mora,Ese Soy Yo,latin,2016
Ahora Que Estoy Vivo,Mora,Ese Soy Yo,latin,2016
Lágrimas Muertas,Mora,Ese Soy Yo,latin,2016
Veneno de Amor,Mora,Ese Soy Yo,latin,2016
Pillareña Mix,Mora,Ese Soy Yo,latin,2016
Corazón Cuando Te Vayas,Mora,Ese Soy Yo,latin,2016
Para Que Voy a Sufrir,Mora,Ese Soy Yo,latin,2016
Solo Lágrimas,Mora,Ese Soy Yo,latin,2016
Toneladas de Alabanza,Mora,Ese Soy Yo,latin,2016
Mi Linda Esposa,Mora,Ese Soy Yo,latin,2016
Que Hablen de Mí,Mora,Ese Soy Yo,latin,2016
Ese Soy Yo - Bachata Version,Mora,Ese Soy Yo,latin,2016
A Prueba de Todo - Bahata Version,Mora,Ese Soy Yo,latin,2016
Nuestro Juramento - Bachata Version,Mora,Ese Soy Yo,latin,2016
Chamizas,Mora,Ese Soy Yo,latin,2016
Negra Consentida,Mora,Ese Soy Yo,latin,2016
Juyayay,Mora,Ese Soy Yo,latin,2016
Apostemos Que Me Caso,Mora,Ese Soy Yo,latin,2016
El Solicitado,Mora,Ese Soy Yo,latin,2016
Donde,Rauw Alejandro,Donde,latin,2016
Se Tú,Rauw Alejandro,Se Tú (feat. Lyanno & Sou$a),latin,2016
Dias Asi,Rauw Alejandro,Dias Asi,latin,2016
Pa' Serio,Rauw Alejandro,Pa' Serio (feat. Brray),latin,2016
No Me Siento Igual,Rauw Alejandro,No Me Siento Igual (feat. Joyce Santana),latin,2016
Comodo,Rauw Alejandro,Comodo,latin,2016
"Introduction By Noel Coward - Live At The Sporting Club, Monte Carlo/1958",Frank Sinatra,World On A String (Live),jazz,2016
"Play On: Clarke Street - Live At The Sporting Club, Monte Carlo/1958",Frank Sinatra,World On A String (Live),jazz,2016
"Come Fly With Me - Live At The Sporting Club, Monte Carlo/1958",Frank Sinatra,World On A String (Live),jazz,2016
"I Get A Kick Out Of You - Live At The Sporting Club, Monte Carlo/1958",Frank Sinatra,World On A String (Live),jazz,2016
"I've Got You Under My Skin - Live At The Sporting Club, Monte Carlo/1958",Frank Sinatra,World On A String (Live),jazz,2016
"Where Or When - Live At The Sporting Club, Monte Carlo/1958",Frank Sinatra,World On A String (Live),jazz,2016
"Moonlight In Vermont - Live At The Sporting Club, Monte Carlo/1958",Frank Sinatra,World On A String (Live),jazz,2016
"On The Road To Mandalay - Live At The Sporting Club, Monte Carlo/1958",Frank Sinatra,World On A String (Live),jazz,2016
"When Your Lover Has Gone - Live At The Sporting Club, Monte Carlo/1958",Frank Sinatra,World On A String (Live),jazz,2016
"April In Paris - Live At The Sporting Club, Monte Carlo/1958",Frank Sinatra,World On A String (Live),jazz,2016
"All The Way - Live At The Sporting Club, Monte Carlo / 1958",Frank Sinatra,World On A String (Live),jazz,2016
"Monique - Live At The Sporting Club, Monte Carlo/1958",Frank Sinatra,World On A String (Live),jazz,2016
"Bewitched - Live At The Sporting Club, Monte Carlo/1958",Frank Sinatra,World On A String (Live),jazz,2016
"The Lady Is A Tramp - Live At The Sporting Club, Monte Carlo/1958",Frank Sinatra,World On A String (Live),jazz,2016
"Play Off: (Love Is) The Tender Trap - Live At The Sporting Club, Monte Carlo/1958",Frank Sinatra,World On A String (Live),jazz,2016
"You Make Me Feel So Young - Live At The Sporting Club, Monte Carlo/1958",Frank Sinatra,World On A String (Live),jazz,2016
"Bows: (Love Is) The Tender Trap - Live At The Sporting Club, Monte Carlo/1958",Frank Sinatra,World On A String (Live),jazz,2016
"Radio Club Introduction - Live From RAI Radio Club, Italy / 1953",Frank Sinatra,World On A String (Live),jazz,2016
"Welcome And Greetings - Live From RAI Radio Club, Italy / 1953",Frank Sinatra,World On A String (Live),jazz,2016
"September Song - Live From RAI Radio Club, Italy / 1953",Frank Sinatra,World On A String (Live),jazz,2016
"Presentation And Announcements - Live From RAI Radio Club, Italy / 1953",Frank Sinatra,World On A String (Live),jazz,2016
"Laura - Live From RAI Radio Club, Italy / 1953",Frank Sinatra,World On A String (Live),jazz,2016
"Baseball Segment - Live From RAI Radio Club, Italy / 1953",Frank Sinatra,World On A String (Live),jazz,2016
"Ninna Nanna - Domenico Modugno - Live From RAI Radio Club, Italy / 1953",Frank Sinatra,World On A String (Live),jazz,2016
"Night And Day - Live From RAI Radio Club, Italy / 1953",Frank Sinatra,World On A String (Live),jazz,2016
"Closing Remarks - Live From RAI Radio Club, Italy / 1953",Frank Sinatra,World On A String (Live),jazz,2016
"Introduction By Tommy Hanlon Jr. - Live At Sydney Stadium, Australia / 1961",Frank Sinatra,World On A String (Live),jazz,2016
"I've Got The World On A String - Live At Sydney Stadium, Australia / 1961",Frank Sinatra,World On A String (Live),jazz,2016
"I Concentrate On You - Live At Sydney Stadium, Australia / 1961",Frank Sinatra,World On A String (Live),jazz,2016
"Night And Day - Live At Sydney Stadium, Australia / 1961",Frank Sinatra,World On A String (Live),jazz,2016
"Moonlight In Vermont - Live At Sydney Stadium, Australia / 1961",Frank Sinatra,World On A String (Live),jazz,2016
"In The Still Of The Night - Live At Sydney Stadium, Australia / 1961",Frank Sinatra,World On A String (Live),jazz,2016
"I’ll Be Seeing You - Live At Sydney Stadium, Australia / 1961",Frank Sinatra,World On A String (Live),jazz,2016
"Day In, Day Out - Live At Sydney Stadium, Australia / 1961",Frank Sinatra,World On A String (Live),jazz,2016
"The Moon Was Yellow (And The Night Was Young) - Live At Sydney Stadium, Australia / 1961",Frank Sinatra,World On A String (Live),jazz,2016
"You're Nobody 'Til Somebody Loves You - Live At Sydney Stadium, Australia / 1961",Frank Sinatra,World On A String (Live),jazz,2016
"Monologue - Live At Sydney Stadium, Australia / 1961",Frank Sinatra,World On A String (Live),jazz,2016
"Come Fly With Me - Live At Sydney Stadium, Australia / 1961",Frank Sinatra,World On A String (Live),jazz,2016
"April In Paris - Live At Sydney Stadium, Australia / 1961",Frank Sinatra,World On A String (Live),jazz,2016
"A Foggy Day - Live At Sydney Stadium, Australia / 1961",Frank Sinatra,World On A String (Live),jazz,2016
"Without A Song - Live At Sydney Stadium, Australia / 1961",Frank Sinatra,World On A String (Live),jazz,2016
"Imagination - Live At Sydney Stadium, Australia / 1961",Frank Sinatra,World On A String (Live),jazz,2016
"The Second Time Around - Live At Sydney Stadium, Australia / 1961",Frank Sinatra,World On A String (Live),jazz,2016
"Young At Heart - Live At Sydney Stadium, Australia / 1961",Frank Sinatra,World On A String (Live),jazz,2016
"Witchcraft - Live At Sydney Stadium, Australia / 1961",Frank Sinatra,World On A String (Live),jazz,2016
"Embraceable You - Live At Sydney Stadium, Australia / 1961",Frank Sinatra,World On A String (Live),jazz,2016
"The One I Love (Belongs To Somebody Else) - Live At Sydney Stadium, Australia / 1961",Frank Sinatra,World On A String (Live),jazz,2016
"My Funny Valentine - Live At Sydney Stadium, Australia / 1961",Frank Sinatra,World On A String (Live),jazz,2016
"My Blue Heaven - Live At Sydney Stadium, Australia / 1961",Frank Sinatra,World On A String (Live),jazz,2016
"Angel Eyes - Live At Sydney Stadium, Australia / 1961",Frank Sinatra,World On A String (Live),jazz,2016
Burn,Norah Jones,Day Breaks,jazz,2016
Tragedy,Norah Jones,Day Breaks,jazz,2016
Flipside,Norah Jones,Day Breaks,jazz,2016
It's A Wonderful Time For Love,Norah Jones,Day Breaks,jazz,2016
And Then There Was You,Norah Jones,Day Breaks,jazz,2016
Don’t Be Denied,Norah Jones,Day Breaks,jazz,2016
Day Breaks,Norah Jones,Day Breaks,jazz,2016
Peace,Norah Jones,Day Breaks,jazz,2016
Once I Had A Laugh,Norah Jones,Day Breaks,jazz,2016
Sleeping Wild,Norah Jones,Day Breaks,jazz,2016
Carry On,Norah Jones,Day Breaks,jazz,2016
Fleurette Africaine (African Flower),Norah Jones,Day Breaks,jazz,2016
The Heavy Entertainment Show,Robbie Williams,The Heavy Entertainment Show (Deluxe),jazz,2016
Party Like a Russian,Robbie Williams,The Heavy Entertainment Show (Deluxe),jazz,2016
Mixed Signals,Robbie Williams,The Heavy Entertainment Show (Deluxe),jazz,2016
Love My Life,Robbie Williams,The Heavy Entertainment Show (Deluxe),jazz,2016
Motherfucker,Robbie Williams,The Heavy Entertainment Show (Deluxe),jazz,2016
Bruce Lee,Robbie Williams,The Heavy Entertainment Show (Deluxe),jazz,2016
Sensitive,Robbie Williams,The Heavy Entertainment Show (Deluxe),jazz,2016
David's Song,Robbie Williams,The Heavy Entertainment Show (Deluxe),jazz,2016
Pretty Woman,Robbie Williams,The Heavy Entertainment Show (Deluxe),jazz,2016
Hotel Crazy,Robbie Williams,The Heavy Entertainment Show (Deluxe),jazz,2016
Sensational,Robbie Williams,The Heavy Entertainment Show (Deluxe),jazz,2016
When You Know,Robbie Williams,The Heavy Entertainment Show (Deluxe),jazz,2016
Time on Earth,Robbie Williams,The Heavy Entertainment Show (Deluxe),jazz,2016
I Don't Want to Hurt You,Robbie Williams,The Heavy Entertainment Show (Deluxe),jazz,2016
Best Intentions,Robbie Williams,The Heavy Entertainment Show (Deluxe),jazz,2016
Marry Me,Robbie Williams,The Heavy Entertainment Show (Deluxe),jazz,2016
Love My Life,Robbie Williams,Love My Life,jazz,2016
Love My Life - Adam Turner & James Hurr Remix,Robbie Williams,Love My Life (Adam Turner & James Hurr Remix),jazz,2016
Party Like a Russian,Robbie Williams,Party Like a Russian,jazz,2016
The Heavy Entertainment Show,Robbie Williams,The Heavy Entertainment Show,jazz,2016
"Trust in God (feat. Dwayne D,Arby)",Robbie Williams,"Trust in God (feat. Dwayne D,Arby)",jazz,2016
When I Fall In Love,Nat King Cole,When I Fall In Love,jazz,2016
Tenderly,Nat King Cole,When I Fall In Love,jazz,2016
Ramblin’ Rose,Nat King Cole,When I Fall In Love,jazz,2016
Unforgettable,Nat King Cole,When I Fall In Love,jazz,2016
Mona Lisa,Nat King Cole,When I Fall In Love,jazz,2016
Too Young,Nat King Cole,When I Fall In Love,jazz,2016
Answer Me,Nat King Cole,When I Fall In Love,jazz,2016
Let’s Face the Music and Dance,Nat King Cole,When I Fall In Love,jazz,2016
"Darling, Je Vous Aime Beaucoup",Nat King Cole,When I Fall In Love,jazz,2016
Let There Be Love,Nat King Cole,When I Fall In Love,jazz,2016
Stardust,Nat King Cole,When I Fall In Love,jazz,2016
Pretend,Nat King Cole,When I Fall In Love,jazz,2016
Smile,Nat King Cole,When I Fall In Love,jazz,2016
Nature Boy,Nat King Cole,When I Fall In Love,jazz,2016
Lush Life,Nat King Cole,When I Fall In Love,jazz,2016
Orange-Coloured Sky,Nat King Cole,When I Fall In Love,jazz,2016
Somewhere Along the Way,Nat King Cole,When I Fall In Love,jazz,2016
Because You’re Mine,Nat King Cole,When I Fall In Love,jazz,2016
Faith Can Move Mountains,Nat King Cole,When I Fall In Love,jazz,2016
Can’t I?,Nat King Cole,When I Fall In Love,jazz,2016
A Blossom Fell,Nat King Cole,When I Fall In Love,jazz,2016
Autumn Leaves,Nat King Cole,When I Fall In Love,jazz,2016
That’s You,Nat King Cole,When I Fall In Love,jazz,2016
Mother Nature and Father Time,Nat King Cole,When I Fall In Love,jazz,2016
Too Young to Go Steady,Nat King Cole,When I Fall In Love,jazz,2016
The Christmas Song,Nat King Cole,When I Fall In Love,jazz,2016
The Christmas Song,Nat King Cole,The Christmas Song,jazz,2016
Frosty the Snowman,Nat King Cole,The Christmas Song,jazz,2016
Mrs Santa Claus,Nat King Cole,The Christmas Song,jazz,2016
Unforgettable,Nat King Cole,Unforgettable,jazz,2016
Jivin' with Jarvis,Nat King Cole,Unforgettable,jazz,2016
Flo And Joe,Nat King Cole,Unforgettable,jazz,2016
"Darlin, Je Vous Aime Beaucoup",Nat King Cole,Unforgettable,jazz,2016
If I May,Nat King Cole,Unforgettable,jazz,2016
Blue Because Of You,Nat King Cole,Unforgettable,jazz,2016
Return To Paradise,Nat King Cole,Unforgettable,jazz,2016
Papa Loves Mambo,Nat King Cole,Unforgettable,jazz,2016
Route 66,Nat King Cole,Unforgettable,jazz,2016
Somewhere Along The Way,Nat King Cole,Unforgettable,jazz,2016
Wish I Were Somebody Else,Nat King Cole,Unforgettable,jazz,2016
Save The Bones For Henry Jones ('Cause Henry Don't Eat No Meat),Nat King Cole,Unforgettable,jazz,2016
You Stepped Out Of A Dream,Nat King Cole,Unforgettable,jazz,2016
Exactly Like You - Live Version,Nat King Cole,Unforgettable,jazz,2016
I Realize Now,Nat King Cole,Unforgettable,jazz,2016
Don't blame me,Nat King Cole,Unforgettable,jazz,2016
Sweet Lorraine,Nat King Cole,Unforgettable,jazz,2016
All For You,Nat King Cole,Unforgettable,jazz,2016
Paint Yourself A Rainbow,Nat King Cole,Unforgettable,jazz,2016
I Almost Lost My Mind,Nat King Cole,Unforgettable,jazz,2016
Funny (Not Much),Nat King Cole,Unforgettable,jazz,2016
Honeysuckle Rose,Nat King Cole,Unforgettable,jazz,2016
For Sentimental Reasons,Nat King Cole,Unforgettable,jazz,2016
You're The Cream In My Coffee,Nat King Cole,Unforgettable,jazz,2016
I'm Lost,Nat King Cole,Unforgettable,jazz,2016
A Blossom Fell,Nat King Cole,Unforgettable,jazz,2016
Pretend,Nat King Cole,Unforgettable,jazz,2016
Mona Lisa,Nat King Cole,Unforgettable,jazz,2016
Route 66 - Alternative Version,Nat King Cole,Unforgettable,jazz,2016
Too Young,Nat King Cole,Unforgettable,jazz,2016
The Sand And The Sea,Nat King Cole,Unforgettable,jazz,2016
Embraceable You,Nat King Cole,Unforgettable,jazz,2016
Orange Colored Sky,Nat King Cole,Unforgettable,jazz,2016
Forgive My Heart,Nat King Cole,Unforgettable,jazz,2016
Can't I,Nat King Cole,Unforgettable,jazz,2016
Exactly Like You,Nat King Cole,Unforgettable,jazz,2016
Bring Another Drink,Nat King Cole,Unforgettable,jazz,2016
The Best Man,Nat King Cole,Unforgettable,jazz,2016
52nd & Broadway,Dean Martin,Swing Street,jazz,2016
I've Been Around,Dean Martin,Swing Street,jazz,2016
Spooky,Dean Martin,Swing Street,jazz,2016
Hearing Ella Sing,Dean Martin,Swing Street,jazz,2016
That's Life,Dean Martin,Swing Street,jazz,2016
Bye Bye Blackbird,Dean Martin,Swing Street,jazz,2016
New York State of Mind,Dean Martin,Swing Street,jazz,2016
Good Things Grow,Dean Martin,Swing Street,jazz,2016
I Know What You Are,Dean Martin,Swing Street,jazz,2016
"Quando, Quando, Quando",Dean Martin,Swing Street,jazz,2016
Strangers in the Night,Dean Martin,Swing Street,jazz,2016
Bellissima,Dean Martin,Swing Street,jazz,2016
Georgia on My Mind,Dean Martin,Swing Street,jazz,2016
Tennessee Whiskey,Dean Martin,Swing Street,jazz,2016
Who's Got the Action,Dean Martin,Swing Street,jazz,2016
Party Girls - Original Mix,Dean Martin,Party Girls,jazz,2016
Party Girls - 808 Remix,Dean Martin,Party Girls,jazz,2016
Memories are made of this,Dean Martin,Memories Are Made Of This,jazz,2016
Innamorata (Sweetheart),Dean Martin,Memories Are Made Of This,jazz,2016
Just A Little Bit South Of North Carolina,Dean Martin,Memories Are Made Of This,jazz,2016
Carolina Moon,Dean Martin,Memories Are Made Of This,jazz,2016
Pennies From Heaven,Dean Martin,Memories Are Made Of This,jazz,2016
Under The Bridges Of Paris,Dean Martin,Memories Are Made Of This,jazz,2016
In The Cool Cool Cool Of The Evening,Dean Martin,Memories Are Made Of This,jazz,2016
Georgia On My Mind,Dean Martin,Memories Are Made Of This,jazz,2016
When You're Smiling,Dean Martin,Memories Are Made Of This,jazz,2016
Standing On The Corner,Dean Martin,Memories Are Made Of This,jazz,2016
It Is True What They Say About Dixie,Dean Martin,Memories Are Made Of This,jazz,2016
The Naughty Lady Of Shady Lane,Dean Martin,Memories Are Made Of This,jazz,2016
Dinah,Dean Martin,Memories Are Made Of This,jazz,2016
Don't rock the boat dear,Dean Martin,Memories Are Made Of This,jazz,2016
Wham! Bam! Thanks you ma'am,Dean Martin,Memories Are Made Of This,jazz,2016
If,Dean Martin,Memories Are Made Of This,jazz,2016
"Long, long ago",Dean Martin,Memories Are Made Of This,jazz,2016
That's what I like,Dean Martin,Memories Are Made Of This,jazz,2016
I'll always love you (Day after day),Dean Martin,Memories Are Made Of This,jazz,2016
I'm in love with you,Dean Martin,Memories Are Made Of This,jazz,2016
Bye bye Blackbird,Dean Martin,Memories Are Made Of This,jazz,2016
Money Burns a hole in my pocket,Dean Martin,Memories Are Made Of This,jazz,2016
When you're smiling,Dean Martin,Memories Are Made Of This,jazz,2016
Muskrat Ramble,Dean Martin,Memories Are Made Of This,jazz,2016
Night train to Memphis,Dean Martin,Memories Are Made Of This,jazz,2016
Memories Are Made Of This,Dean Martin,Memories Are Made Of This,jazz,2016
Open up the doghouse,Dean Martin,Memories Are Made Of This,jazz,2016
That lucky old sun,Dean Martin,Memories Are Made Of This,jazz,2016
Oh Marie,Dean Martin,Memories Are Made Of This,jazz,2016
Two Sleepy People,Dean Martin,Memories Are Made Of This,jazz,2016
Gonna Ride - Original Mix,Dean Martin,Gonna Ride,jazz,2016
Gonna Ride - Desert Remix,Dean Martin,Gonna Ride,jazz,2016
Maybe It's Because,Louis Armstrong,The Decca Singles 1949-1958,jazz,2016
I'll Keep The Lovelight Burning,Louis Armstrong,The Decca Singles 1949-1958,jazz,2016
That Lucky Old Sun (Just Rolls Around Heaven All Day),Louis Armstrong,The Decca Singles 1949-1958,jazz,2016
Blueberry Hill,Louis Armstrong,The Decca Singles 1949-1958,jazz,2016
You Can't Lose A Broken Heart,Louis Armstrong,The Decca Singles 1949-1958,jazz,2016
My Sweet Hunk O' Trash,Louis Armstrong,The Decca Singles 1949-1958,jazz,2016
New Orleans Function,Louis Armstrong,The Decca Singles 1949-1958,jazz,2016
Panama,Louis Armstrong,The Decca Singles 1949-1958,jazz,2016
That's For Me - Pt.1 & Pt.2,Louis Armstrong,The Decca Singles 1949-1958,jazz,2016
Bugle Call Rag / Ole Miss,Louis Armstrong,The Decca Singles 1949-1958,jazz,2016
I Surrender Dear - Pt.1 & Pt.2,Louis Armstrong,The Decca Singles 1949-1958,jazz,2016
Russian Lullaby,Louis Armstrong,The Decca Singles 1949-1958,jazz,2016
"Baby, Won't You Please Come Home",Louis Armstrong,The Decca Singles 1949-1958,jazz,2016
Fine And Dandy,Louis Armstrong,The Decca Singles 1949-1958,jazz,2016
My Bucket's Got A Hole In It,Louis Armstrong,The Decca Singles 1949-1958,jazz,2016
La vie en rose,Louis Armstrong,The Decca Singles 1949-1958,jazz,2016
C'est si bon,Louis Armstrong,The Decca Singles 1949-1958,jazz,2016
Dream A Little Dream Of Me,Louis Armstrong,The Decca Singles 1949-1958,jazz,2016
Can Anyone Explain?,Louis Armstrong,The Decca Singles 1949-1958,jazz,2016
Life Is So Peculiar,Louis Armstrong,The Decca Singles 1949-1958,jazz,2016
(I'll Be Glad When You're Dead) You Rascal You,Louis Armstrong,The Decca Singles 1949-1958,jazz,2016
"Sit Down, You're Rocking The Boat",Louis Armstrong,The Decca Singles 1949-1958,jazz,2016
That's What The Man Said,Louis Armstrong,The Decca Singles 1949-1958,jazz,2016
You're Just In Love,Louis Armstrong,The Decca Singles 1949-1958,jazz,2016
If,Louis Armstrong,The Decca Singles 1949-1958,jazz,2016
Gone Fishin',Louis Armstrong,The Decca Singles 1949-1958,jazz,2016
Unless,Louis Armstrong,The Decca Singles 1949-1958,jazz,2016
A Kiss To Build A Dream On,Louis Armstrong,The Decca Singles 1949-1958,jazz,2016
(When We Are Dancin') I Get Ideas,Louis Armstrong,The Decca Singles 1949-1958,jazz,2016
Cold Cold Heart,Louis Armstrong,The Decca Singles 1949-1958,jazz,2016
Because Of You,Louis Armstrong,The Decca Singles 1949-1958,jazz,2016
It's All In The Game,Louis Armstrong,The Decca Singles 1949-1958,jazz,2016
When It's Sleepy Time Down South,Louis Armstrong,The Decca Singles 1949-1958,jazz,2016
Necessary Evil,Louis Armstrong,The Decca Singles 1949-1958,jazz,2016
Oops!,Louis Armstrong,The Decca Singles 1949-1958,jazz,2016
Big Butter And Egg Man,Louis Armstrong,The Decca Singles 1949-1958,jazz,2016
You're The Apple Of My Eye,Louis Armstrong,The Decca Singles 1949-1958,jazz,2016
Jeannine (I Dream Of Lilac Time),Louis Armstrong,The Decca Singles 1949-1958,jazz,2016
Indian Love Call,Louis Armstrong,The Decca Singles 1949-1958,jazz,2016
I'll Walk Alone,Louis Armstrong,The Decca Singles 1949-1958,jazz,2016
Kiss Of Fire,Louis Armstrong,The Decca Singles 1949-1958,jazz,2016
Baby It's Cold Outside,Louis Armstrong,The Decca Singles 1949-1958,jazz,2016
That's My Desire,Louis Armstrong,The Decca Singles 1949-1958,jazz,2016
I Laughed At Love,Louis Armstrong,The Decca Singles 1949-1958,jazz,2016
It Takes Two To Tango - Single Version,Louis Armstrong,The Decca Singles 1949-1958,jazz,2016
White Christmas - Single Version,Louis Armstrong,The Decca Singles 1949-1958,jazz,2016
Winter Wonderland - Single Version,Louis Armstrong,The Decca Singles 1949-1958,jazz,2016
Chloe (Song Of The Swamp) - Single Version,Louis Armstrong,The Decca Singles 1949-1958,jazz,2016
Listen To The Mocking Bird,Louis Armstrong,The Decca Singles 1949-1958,jazz,2016
Would You Like To Take A Walk?,Louis Armstrong,The Decca Singles 1949-1958,jazz,2016
When You're Smiling,Louis Armstrong,When You're Smiling,jazz,2016
C'est Si Bon,Louis Armstrong,When You're Smiling,jazz,2016
Me And Brother Bill,Louis Armstrong,When You're Smiling,jazz,2016
Tin Roof Blues,Louis Armstrong,When You're Smiling,jazz,2016
Back O'Town Blues,Louis Armstrong,When You're Smiling,jazz,2016
My Buckets Got A Hole In It,Louis Armstrong,When You're Smiling,jazz,2016
Rockin' Chair,Louis Armstrong,When You're Smiling,jazz,2016
Tain't What You Do,Louis Armstrong,When You're Smiling,jazz,2016
When It's Sleepy Time Down South,Louis Armstrong,When You're Smiling,jazz,2016
Rose Room,Louis Armstrong,When You're Smiling,jazz,2016
The Wiffenpoof Song,Louis Armstrong,When You're Smiling,jazz,2016
Don't Fence Me In,Louis Armstrong,When You're Smiling,jazz,2016
Baby Won't You Please Come Home,Louis Armstrong,"All That Jazz, Vol. 74: Louis Armstrong and the ""All Stars"" Live in Boston (Remastered 2016)",jazz,2016
Muskrat Ramble,Louis Armstrong,"All That Jazz, Vol. 74: Louis Armstrong and the ""All Stars"" Live in Boston (Remastered 2016)",jazz,2016
Royal Garden Blues,Louis Armstrong,"All That Jazz, Vol. 74: Louis Armstrong and the ""All Stars"" Live in Boston (Remastered 2016)",jazz,2016
On the Sunny Side of the Street,Louis Armstrong,"All That Jazz, Vol. 74: Louis Armstrong and the ""All Stars"" Live in Boston (Remastered 2016)",jazz,2016
"Improvisations on ""How High the Moon"" / When Yuba Plays the Rumba on the Tuba",Louis Armstrong,"All That Jazz, Vol. 74: Louis Armstrong and the ""All Stars"" Live in Boston (Remastered 2016)",jazz,2016
High Society,Louis Armstrong,"All That Jazz, Vol. 74: Louis Armstrong and the ""All Stars"" Live in Boston (Remastered 2016)",jazz,2016
Tea for Two,Louis Armstrong,"All That Jazz, Vol. 74: Louis Armstrong and the ""All Stars"" Live in Boston (Remastered 2016)",jazz,2016
That's My Desire,Louis Armstrong,"All That Jazz, Vol. 74: Louis Armstrong and the ""All Stars"" Live in Boston (Remastered 2016)",jazz,2016
Mahogany Hall Stomp,Louis Armstrong,"All That Jazz, Vol. 74: Louis Armstrong and the ""All Stars"" Live in Boston (Remastered 2016)",jazz,2016
Steak Face,Louis Armstrong,"All That Jazz, Vol. 74: Louis Armstrong and the ""All Stars"" Live in Boston (Remastered 2016)",jazz,2016
C Jam Blues,Louis Armstrong,"All That Jazz, Vol. 74: Louis Armstrong and the ""All Stars"" Live in Boston (Remastered 2016)",jazz,2016
Black and Blue,Louis Armstrong,"All That Jazz, Vol. 74: Louis Armstrong and the ""All Stars"" Live in Boston (Remastered 2016)",jazz,2016
Boff Boff,Louis Armstrong,"All That Jazz, Vol. 74: Louis Armstrong and the ""All Stars"" Live in Boston (Remastered 2016)",jazz,2016
I Cried for You,Louis Armstrong,"All That Jazz, Vol. 74: Louis Armstrong and the ""All Stars"" Live in Boston (Remastered 2016)",jazz,2016
Stars Fell on Alabama,Louis Armstrong,"All That Jazz, Vol. 74: Louis Armstrong and the ""All Stars"" Live in Boston (Remastered 2016)",jazz,2016
Body and Soul,Louis Armstrong,"All That Jazz, Vol. 74: Louis Armstrong and the ""All Stars"" Live in Boston (Remastered 2016)",jazz,2016
Since I Fell for You,Louis Armstrong,"All That Jazz, Vol. 74: Louis Armstrong and the ""All Stars"" Live in Boston (Remastered 2016)",jazz,2016
When It's Sleepy Time Down South (Live),Louis Armstrong,Jazz Heroes: Louis Armstrong All Stars (Live),jazz,2016
(Back Home Again in) Indiana [Live],Louis Armstrong,Jazz Heroes: Louis Armstrong All Stars (Live),jazz,2016
Basin Street Blues (Live),Louis Armstrong,Jazz Heroes: Louis Armstrong All Stars (Live),jazz,2016
Tiger Rag (Live),Louis Armstrong,Jazz Heroes: Louis Armstrong All Stars (Live),jazz,2016
Now You Has Jazz (Live),Louis Armstrong,Jazz Heroes: Louis Armstrong All Stars (Live),jazz,2016
Perdido (Live),Louis Armstrong,Jazz Heroes: Louis Armstrong All Stars (Live),jazz,2016
The World Is Waiting for the Sunrise (Live),Louis Armstrong,Jazz Heroes: Louis Armstrong All Stars (Live),jazz,2016
I Get Ideas (Live),Louis Armstrong,Jazz Heroes: Louis Armstrong All Stars (Live),jazz,2016
Love Is Just Around the Corner (Live),Louis Armstrong,Jazz Heroes: Louis Armstrong All Stars (Live),jazz,2016
Mack the Knife (Live),Louis Armstrong,Jazz Heroes: Louis Armstrong All Stars (Live),jazz,2016
Stompin' at the Savoy (Live),Louis Armstrong,Jazz Heroes: Louis Armstrong All Stars (Live),jazz,2016
Struttin' with Some Barbecue (Live),Louis Armstrong,Jazz Heroes: Louis Armstrong All Stars (Live),jazz,2016
St. Louis Blues (Live),Louis Armstrong,Jazz Heroes: Louis Armstrong All Stars (Live),jazz,2016
Ko Ko Mo (I Love You So) [Live],Louis Armstrong,Jazz Heroes: Louis Armstrong All Stars (Live),jazz,2016
When the Saints Go Marching In (Live),Louis Armstrong,Jazz Heroes: Louis Armstrong All Stars (Live),jazz,2016
The Faithful Hussar (Live),Louis Armstrong,Jazz Heroes: Louis Armstrong All Stars (Live),jazz,2016
Black And Blue,Louis Armstrong,Black And Blue,jazz,2016
Coal Cart Blues,Louis Armstrong,Black And Blue,jazz,2016
Fifty-Fifty Blues,Louis Armstrong,Black And Blue,jazz,2016
I Want A Little Girl,Louis Armstrong,Black And Blue,jazz,2016
Perdido Street Blues,Louis Armstrong,Black And Blue,jazz,2016
2:19 Blues,Louis Armstrong,Black And Blue,jazz,2016
Some Day (You'll Be Sorry),Louis Armstrong,Black And Blue,jazz,2016
Before Long,Louis Armstrong,Black And Blue,jazz,2016
Long Long Journey,Louis Armstrong,Black And Blue,jazz,2016
Please Stop Playing Those Blues,Louis Armstrong,Black And Blue,jazz,2016
W.P.A.,Louis Armstrong,Black And Blue,jazz,2016
Lazy Bones,Louis Armstrong,Black And Blue,jazz,2016
Back O' Town Blues,Louis Armstrong,Black And Blue,jazz,2016
Blues For Yesterday,Louis Armstrong,Black And Blue,jazz,2016
Boog It,Louis Armstrong,Black And Blue,jazz,2016
La Vie En Rose,Louis Armstrong,La Vie En Rose,jazz,2016
Ain't Misbehavin',Louis Armstrong,La Vie En Rose,jazz,2016
I'll keep the lovelight burning,Louis Armstrong,La Vie En Rose,jazz,2016
Mahogany Hall Stomp - Alternative Version,Louis Armstrong,La Vie En Rose,jazz,2016
Alligator Crawl,Louis Armstrong,La Vie En Rose,jazz,2016
Steak Face,Louis Armstrong,La Vie En Rose,jazz,2016
Royal Garden Blues,Louis Armstrong,La Vie En Rose,jazz,2016
On The Sentimental Side,Louis Armstrong,La Vie En Rose,jazz,2016
Ory's Creole Trombone,Louis Armstrong,La Vie En Rose,jazz,2016
Tea For Two,Louis Armstrong,La Vie En Rose,jazz,2016
I Get Ideas,Louis Armstrong,La Vie En Rose,jazz,2016
A Kiss To Build A Dream On,Louis Armstrong,La Vie En Rose,jazz,2016
Struttin' With Some Barbeque,Louis Armstrong,La Vie En Rose,jazz,2016
What A Wonderful World,Louis Armstrong,La Vie En Rose,jazz,2016
I Get A Kick Out Of You,Louis Armstrong,La Vie En Rose,jazz,2016
'C' Jam Blues,Louis Armstrong,La Vie En Rose,jazz,2016
Mack The Knife,Louis Armstrong,La Vie En Rose,jazz,2016
Boff Boff,Louis Armstrong,La Vie En Rose,jazz,2016
Black And Blue,Louis Armstrong,La Vie En Rose,jazz,2016
Do You Know What It Means To Miss New Orleans,Louis Armstrong,La Vie En Rose,jazz,2016
Beau Koo Jack,Louis Armstrong,La Vie En Rose,jazz,2016
C'est Si Bon,Louis Armstrong,La Vie En Rose,jazz,2016
Come Back Sweet Papa,Louis Armstrong,La Vie En Rose,jazz,2016
"Baby, Won't You Please Come Home",Louis Armstrong,La Vie En Rose,jazz,2016
West End Blues,Louis Armstrong,La Vie En Rose,jazz,2016
Hotter Than That,Louis Armstrong,La Vie En Rose,jazz,2016
I Can't Give You Anything But Love,Louis Armstrong,La Vie En Rose,jazz,2016
High Society,Louis Armstrong,La Vie En Rose,jazz,2016
New Orleans Function,Louis Armstrong,La Vie En Rose,jazz,2016
Onkel Satchmo's Lullabay,Louis Armstrong,La Vie En Rose,jazz,2016
Satchel Mouth Swing,Louis Armstrong,La Vie En Rose,jazz,2016
Skid-Dat-De-Dat,Louis Armstrong,La Vie En Rose,jazz,2016
When The Saints Go Marching In,Louis Armstrong,La Vie En Rose,jazz,2016
Muggles,Louis Armstrong,La Vie En Rose,jazz,2016
Because Of You,Louis Armstrong,La Vie En Rose,jazz,2016
Swing That Music,Louis Armstrong,La Vie En Rose,jazz,2016
Muskat Ramble,Louis Armstrong,La Vie En Rose,jazz,2016
I Believe,Louis Armstrong,La Vie En Rose,jazz,2016
Cabaret,Louis Armstrong,La Vie En Rose,jazz,2016
Stars Fell On Alabama,Louis Armstrong,La Vie En Rose,jazz,2016
Mahagony Hall Stomp,Louis Armstrong,La Vie En Rose,jazz,2016
The Flat Flat Boogie,Louis Armstrong,La Vie En Rose,jazz,2016
Basin Street Blues,Louis Armstrong,La Vie En Rose,jazz,2016
Weather Bird,Louis Armstrong,La Vie En Rose,jazz,2016
West End Blues,Louis Armstrong,Fireworks,jazz,2016
Fireworks,Louis Armstrong,Fireworks,jazz,2016
Potato Head Blues,Louis Armstrong,Fireworks,jazz,2016
Alligator Crawl,Louis Armstrong,Fireworks,jazz,2016
Cornet Chop Suey,Louis Armstrong,Fireworks,jazz,2016
Two Deuces,Louis Armstrong,Fireworks,jazz,2016
The Last Time,Louis Armstrong,Fireworks,jazz,2016
Muskrat Ramble,Louis Armstrong,Fireworks,jazz,2016
Put 'em Down Blues,Louis Armstrong,Fireworks,jazz,2016
Rockin' Chair,Louis Armstrong,Fireworks,jazz,2016
Hotter Than That,Louis Armstrong,Fireworks,jazz,2016
Skid-Dat-De-Dat,Louis Armstrong,Fireworks,jazz,2016
Isn't This a Lovely Day,Louis Armstrong,A Fine Romance,jazz,2016
Summertime,Louis Armstrong,A Fine Romance,jazz,2016
They Can't Take That Away from Me,Louis Armstrong,A Fine Romance,jazz,2016
Moonlight In Vermont,Louis Armstrong,A Fine Romance,jazz,2016
Can't We Be Friends,Louis Armstrong,A Fine Romance,jazz,2016
How Long Has This Been Going On?,Louis Armstrong,A Fine Romance,jazz,2016
A Woman Is A Sometime Thing,Louis Armstrong,A Fine Romance,jazz,2016
I Won't Dance,Louis Armstrong,A Fine Romance,jazz,2016
There's A Boat Dat's Leavin' Soon For New York,Louis Armstrong,A Fine Romance,jazz,2016
Stars Fell On Alabama,Louis Armstrong,A Fine Romance,jazz,2016
Learnin' The Blues,Louis Armstrong,A Fine Romance,jazz,2016
A Fine Romance,Louis Armstrong,A Fine Romance,jazz,2016
Tenderly,Louis Armstrong,A Fine Romance,jazz,2016
The Nearness Of You,Louis Armstrong,A Fine Romance,jazz,2016
They All Laughed,Louis Armstrong,A Fine Romance,jazz,2016
Stompin' At The Savoy,Louis Armstrong,A Fine Romance,jazz,2016
Cheek To Cheek,Louis Armstrong,A Fine Romance,jazz,2016
I'm Putting All My Eggs In One Basket,Louis Armstrong,A Fine Romance,jazz,2016
I Got Plenty O' Nuttin,Louis Armstrong,A Fine Romance,jazz,2016
Gee Baby Ain't Good To You,Louis Armstrong,A Fine Romance,jazz,2016
Love Is Here To Stay,Louis Armstrong,A Fine Romance,jazz,2016
I Was Doing All Right,Louis Armstrong,A Fine Romance,jazz,2016
A Foggy Day,Louis Armstrong,A Fine Romance,jazz,2016
Let's Call The Whole Ting Off,Louis Armstrong,A Fine Romance,jazz,2016
Autumn In New York,Louis Armstrong,A Fine Romance,jazz,2016
Don't Be That Way,Louis Armstrong,A Fine Romance,jazz,2016
I've Got My Love To Keep Me Warm,Louis Armstrong,A Fine Romance,jazz,2016
Under A Blanket Of Blue,Louis Armstrong,A Fine Romance,jazz,2016
Love Is Here To Stay,Louis Armstrong,A Fine Romance,jazz,2016
April In Paris,Louis Armstrong,A Fine Romance,jazz,2016
Have Yourself A Merry Little Christmas,Ella Fitzgerald,Ella & Louis Christmas,jazz,2016
Sleigh Ride,Ella Fitzgerald,Ella & Louis Christmas,jazz,2016
The Christmas Song,Ella Fitzgerald,Ella & Louis Christmas,jazz,2016
Christmas Night In Harlem - Single Version,Ella Fitzgerald,Ella & Louis Christmas,jazz,2016
Let It Snow! Let It Snow! Let It Snow!,Ella Fitzgerald,Ella & Louis Christmas,jazz,2016
Frosty The Snowman,Ella Fitzgerald,Ella & Louis Christmas,jazz,2016
White Christmas - Single Version,Ella Fitzgerald,Ella & Louis Christmas,jazz,2016
Cool Yule,Ella Fitzgerald,Ella & Louis Christmas,jazz,2016
"Baby, It's Cold Outside - Pt. 1 & 2 / Live At Pasadena Civic Auditorium,1951",Ella Fitzgerald,Ella & Louis Christmas,jazz,2016
I've Got My Love To Keep Me Warm,Ella Fitzgerald,Ella & Louis Christmas,jazz,2016
Santa Claus Is Coming To Town,Ella Fitzgerald,Ella & Louis Christmas,jazz,2016
"'Zat You, Santa Claus? - Single Version",Ella Fitzgerald,Ella & Louis Christmas,jazz,2016
Jingle Bells,Ella Fitzgerald,Ella & Louis Christmas,jazz,2016
Rudolph The Red-Nosed Reindeer,Ella Fitzgerald,Ella & Louis Christmas,jazz,2016
Winter Wonderland - Single Version,Ella Fitzgerald,Ella & Louis Christmas,jazz,2016
The Secret Of Christmas,Ella Fitzgerald,Ella & Louis Christmas,jazz,2016
Christmas In New Orleans,Ella Fitzgerald,Ella & Louis Christmas,jazz,2016
What Are You Doing New Year's Eve?,Ella Fitzgerald,Ella & Louis Christmas,jazz,2016
Would You Like To Take A Walk?,Ella Fitzgerald,Ella & Louis Christmas,jazz,2016
What A Wonderful World,Ella Fitzgerald,Ella & Louis Christmas,jazz,2016
Santa Claus Is Coming to Town,Ella Fitzgerald,Santa Claus Is Coming to Town,jazz,2016
Jingle Bells,Ella Fitzgerald,Santa Claus Is Coming to Town,jazz,2016
Let It Snow,Ella Fitzgerald,Santa Claus Is Coming to Town,jazz,2016
Winter Wonderland,Ella Fitzgerald,Santa Claus Is Coming to Town,jazz,2016
There'll Never Be Another You - Live,Ella Fitzgerald,"Live in Cologne, 1974",jazz,2016
Good Morning Heartache - Live,Ella Fitzgerald,"Live in Cologne, 1974",jazz,2016
Different Kinds of Music - Live,Ella Fitzgerald,"Live in Cologne, 1974",jazz,2016
It Don't Mean a Thing - Live,Ella Fitzgerald,"Live in Cologne, 1974",jazz,2016
The Man I Love - Live,Ella Fitzgerald,"Live in Cologne, 1974",jazz,2016
Lemon Drop - Live,Ella Fitzgerald,"Live in Cologne, 1974",jazz,2016
Gee Baby Ain't I Good to You - Live,Ella Fitzgerald,"Live in Cologne, 1974",jazz,2016
These Foolish Things - Live,Ella Fitzgerald,"Live in Cologne, 1974",jazz,2016
The Boy from Ipanema - Live,Ella Fitzgerald,"Live in Cologne, 1974",jazz,2016
Mack the Knife - Live,Ella Fitzgerald,"Live in Cologne, 1974",jazz,2016
Just a Lucky so and So - Live,Ella Fitzgerald,"Live in Cologne, 1974",jazz,2016
Now's the Time - Live,Ella Fitzgerald,"Live in Cologne, 1974",jazz,2016
Announcement - Live,Ella Fitzgerald,"Live in Cologne, 1974",jazz,2016
I've Got a Crush on You,Ella Fitzgerald,Gershwin Songs,jazz,2016
He Loves and She Loves,Ella Fitzgerald,Gershwin Songs,jazz,2016
Looking for a Boy,Ella Fitzgerald,Gershwin Songs,jazz,2016
My Cousin in Milwaukee,Ella Fitzgerald,Gershwin Songs,jazz,2016
Stiff Upper Lip,Ella Fitzgerald,Gershwin Songs,jazz,2016
"''The Half of It, Dearie'' Blues",Ella Fitzgerald,Gershwin Songs,jazz,2016
Somebody From Somewhere,Ella Fitzgerald,Gershwin Songs,jazz,2016
A Foggy Day,Ella Fitzgerald,Gershwin Songs,jazz,2016
Clap Yo' Hands,Ella Fitzgerald,Gershwin Songs,jazz,2016
Of Thee I Sing (Baby),Ella Fitzgerald,Gershwin Songs,jazz,2016
"For You, for Me, for Evermore",Ella Fitzgerald,Gershwin Songs,jazz,2016
Boy Wanted,Ella Fitzgerald,Gershwin Songs,jazz,2016
Strike Up the Band,Ella Fitzgerald,Gershwin Songs,jazz,2016
Soon,Ella Fitzgerald,Gershwin Songs,jazz,2016
They All Laughed,Ella Fitzgerald,Gershwin Songs,jazz,2016
Bidin' My Time,Ella Fitzgerald,Gershwin Songs,jazz,2016
Aren't You Kind of Glad We Did,Ella Fitzgerald,Gershwin Songs,jazz,2016
I Was Doing All Right,Ella Fitzgerald,Gershwin Songs,jazz,2016
R.U.M.,Bing Crosby,R.U.M.,jazz,2016
Who Are You,Bing Crosby,A Cosmic Voyage,jazz,2016
September,Bing Crosby,A Cosmic Voyage,jazz,2016
Are You Gonna Be My Girl,Bing Crosby,A Cosmic Voyage,jazz,2016
Time of the Season,Bing Crosby,A Cosmic Voyage,jazz,2016
Shining Star,Bing Crosby,A Cosmic Voyage,jazz,2016
I Love You (For Sentimental Reasons),Bing Crosby,A Cosmic Voyage,jazz,2016
Good Old-Fashioned Lover Boy,Bing Crosby,A Cosmic Voyage,jazz,2016
God Only Knows,Bing Crosby,A Cosmic Voyage,jazz,2016
On the Border,Bing Crosby,A Cosmic Voyage,jazz,2016
Black Beatles - Acoustic,The Beatles,Black Beatles (Acoustic),rock,2016
Twist And Shout - Live / Remastered,The Beatles,Live At The Hollywood Bowl,rock,2016
She's A Woman - Live / Remastered,The Beatles,Live At The Hollywood Bowl,rock,2016
Dizzy Miss Lizzy - Live / Remastered,The Beatles,Live At The Hollywood Bowl,rock,2016
Ticket To Ride - Live / Remastered,The Beatles,Live At The Hollywood Bowl,rock,2016
Can't Buy Me Love - Live / Remastered,The Beatles,Live At The Hollywood Bowl,rock,2016
Things We Said Today - Live / Remastered,The Beatles,Live At The Hollywood Bowl,rock,2016
Roll Over Beethoven - Live / Remastered,The Beatles,Live At The Hollywood Bowl,rock,2016
Boys - Live / Remastered,The Beatles,Live At The Hollywood Bowl,rock,2016
A Hard Day's Night - Live / Remastered,The Beatles,Live At The Hollywood Bowl,rock,2016
Help! - Live / Remastered,The Beatles,Live At The Hollywood Bowl,rock,2016
All My Loving - Live / Remastered,The Beatles,Live At The Hollywood Bowl,rock,2016
She Loves You - Live / Remastered,The Beatles,Live At The Hollywood Bowl,rock,2016
Long Tall Sally - Live / Remastered,The Beatles,Live At The Hollywood Bowl,rock,2016
You Can't Do That - Live / Bonus Track,The Beatles,Live At The Hollywood Bowl,rock,2016
I Want To Hold Your Hand - Live / Bonus Track,The Beatles,Live At The Hollywood Bowl,rock,2016
Everybody’s Trying To Be My Baby - Live / Bonus Track,The Beatles,Live At The Hollywood Bowl,rock,2016
Baby's In Black - Live / Bonus Track,The Beatles,Live At The Hollywood Bowl,rock,2016
Blackbird,The Beatles,Playin' the Beatles Greatest Hits,rock,2016
Love Me Do,The Beatles,Playin' the Beatles Greatest Hits,rock,2016
Let It Be,The Beatles,Playin' the Beatles Greatest Hits,rock,2016
Can't Buy Me Love,The Beatles,Playin' the Beatles Greatest Hits,rock,2016
Come Together,The Beatles,Playin' the Beatles Greatest Hits,rock,2016
Day Tripper,The Beatles,Playin' the Beatles Greatest Hits,rock,2016
Eight Days a Week,The Beatles,Playin' the Beatles Greatest Hits,rock,2016
Get Back,The Beatles,Playin' the Beatles Greatest Hits,rock,2016
A Hard Day's Night,The Beatles,Playin' the Beatles Greatest Hits,rock,2016
Help!,The Beatles,Playin' the Beatles Greatest Hits,rock,2016
Here Comes the Sun,The Beatles,Playin' the Beatles Greatest Hits,rock,2016
I Saw Her Standing There,The Beatles,Playin' the Beatles Greatest Hits,rock,2016
I Want to Hold Your Hand,The Beatles,Playin' the Beatles Greatest Hits,rock,2016
Nowhere Man,The Beatles,Playin' the Beatles Greatest Hits,rock,2016
Ticket to Ride,The Beatles,Playin' the Beatles Greatest Hits,rock,2016
Drive My Car,The Beatles,Playin' the Beatles Greatest Hits,rock,2016
From Me to You,The Beatles,Playin' the Beatles Greatest Hits,rock,2016
Revolution,The Beatles,Playin' the Beatles Greatest Hits,rock,2016
Hey Jude,The Beatles,Playin' the Beatles Greatest Hits,rock,2016
She Loves You,The Beatles,Playin' the Beatles Greatest Hits,rock,2016
Black Beatles - Chillout Mix,The Beatles,Black Beatles (Chillout Mix),rock,2016
Hallucinate,The Beatles,A Beatless Heart,rock,2016
Slippin' Out,The Beatles,A Beatless Heart,rock,2016
Nothing Much,The Beatles,A Beatless Heart,rock,2016
Summer Has Left Me,The Beatles,A Beatless Heart,rock,2016
Ode To The Pumpkin Queen,The Beatles,A Beatless Heart,rock,2016
Swallow,The Beatles,A Beatless Heart,rock,2016
"Sometimes, When I Get Away, I Want To Stay Away Forever",The Beatles,A Beatless Heart,rock,2016
Pull The Trigger,The Beatles,A Beatless Heart,rock,2016
Feel You (Gone) Again,The Beatles,A Beatless Heart,rock,2016
Lying Angel,The Beatles,A Beatless Heart,rock,2016
High Like Forever,The Beatles,Better Than The Beatles,rock,2016
Psychopomp,The Beatles,Better Than The Beatles,rock,2016
Human Face,The Beatles,Better Than The Beatles,rock,2016
Upstream Dream,The Beatles,Better Than The Beatles,rock,2016
Tomorrow,The Beatles,Better Than The Beatles,rock,2016
Alive and Flipping,The Beatles,Better Than The Beatles,rock,2016
Unfinished Business,The Beatles,Better Than The Beatles,rock,2016
Night Lives,The Beatles,Better Than The Beatles,rock,2016
Broad Street,The Beatles,Better Than The Beatles,rock,2016
Positive Drug Story,The Beatles,Better Than The Beatles,rock,2016
Pepperland - Live,The Beatles,40th Anniversary (Live at the FABRIK in Hamburg),rock,2016
Twist and Shout - live,The Beatles,40th Anniversary (Live at the FABRIK in Hamburg),rock,2016
Please Please Me - live,The Beatles,40th Anniversary (Live at the FABRIK in Hamburg),rock,2016
A Hard Day ́s Night - live,The Beatles,40th Anniversary (Live at the FABRIK in Hamburg),rock,2016
If I Needed Someone - live,The Beatles,40th Anniversary (Live at the FABRIK in Hamburg),rock,2016
All My Loving - live,The Beatles,40th Anniversary (Live at the FABRIK in Hamburg),rock,2016
I Want to Hold Your Hand - live,The Beatles,40th Anniversary (Live at the FABRIK in Hamburg),rock,2016
Eight Days a Week - live,The Beatles,40th Anniversary (Live at the FABRIK in Hamburg),rock,2016
Can ́t Buy Me Love - live,The Beatles,40th Anniversary (Live at the FABRIK in Hamburg),rock,2016
And I Love Her - live,The Beatles,40th Anniversary (Live at the FABRIK in Hamburg),rock,2016
Act Naturally - live,The Beatles,40th Anniversary (Live at the FABRIK in Hamburg),rock,2016
Yesterday - live,The Beatles,40th Anniversary (Live at the FABRIK in Hamburg),rock,2016
Lucy in the Sky with Diamonds - live,The Beatles,40th Anniversary (Live at the FABRIK in Hamburg),rock,2016
Penny Lane - live,The Beatles,40th Anniversary (Live at the FABRIK in Hamburg),rock,2016
Come Together - live,The Beatles,40th Anniversary (Live at the FABRIK in Hamburg),rock,2016
When I ́m Sixty-Four - live,The Beatles,40th Anniversary (Live at the FABRIK in Hamburg),rock,2016
I Am the Walrus - live,The Beatles,40th Anniversary (Live at the FABRIK in Hamburg),rock,2016
"Hello, Goodbye - live",The Beatles,40th Anniversary (Live at the FABRIK in Hamburg),rock,2016
Let It Be - live,The Beatles,40th Anniversary (Live at the FABRIK in Hamburg),rock,2016
Get Back - live,The Beatles,40th Anniversary (Live at the FABRIK in Hamburg),rock,2016
Golden Slumbers - live,The Beatles,40th Anniversary (Live at the FABRIK in Hamburg),rock,2016
Carry That Weight - live,The Beatles,40th Anniversary (Live at the FABRIK in Hamburg),rock,2016
The End - live,The Beatles,40th Anniversary (Live at the FABRIK in Hamburg),rock,2016
Hey Jude - live,The Beatles,40th Anniversary (Live at the FABRIK in Hamburg),rock,2016
Imagine,The Beatles,The Beatles Piano Tribute,rock,2016
Here Comes the Sun,The Beatles,The Beatles Piano Tribute,rock,2016
Michelle,The Beatles,The Beatles Piano Tribute,rock,2016
Girl,The Beatles,The Beatles Piano Tribute,rock,2016
Let It Be,The Beatles,The Beatles Piano Tribute,rock,2016
Yesterday,The Beatles,The Beatles Piano Tribute,rock,2016
With a Little Help from My Friends,The Beatles,The Beatles Piano Tribute,rock,2016
Norwegian Wood,The Beatles,The Beatles Piano Tribute,rock,2016
The Long and Winding Road,The Beatles,The Beatles Piano Tribute,rock,2016
The Fool On the Hill,The Beatles,The Beatles Piano Tribute,rock,2016
Penny Lane,The Beatles,The Beatles Piano Tribute,rock,2016
Strawberry Fields Forever,The Beatles,The Beatles Piano Tribute,rock,2016
In My Life (Chill Out Style),The Beatles,A Beatles Chillout Tribute Selection,rock,2016
Hey Jude (Chill Out Style),The Beatles,A Beatles Chillout Tribute Selection,rock,2016
Let It Be (Chill Out Style),The Beatles,A Beatles Chillout Tribute Selection,rock,2016
Yesterday (Chill Out Style),The Beatles,A Beatles Chillout Tribute Selection,rock,2016
And I Love Her (Chill Out Style),The Beatles,A Beatles Chillout Tribute Selection,rock,2016
It's Only Love (Chill Out Style),The Beatles,A Beatles Chillout Tribute Selection,rock,2016
"Here, There and Everywhere (Chill Out Style)",The Beatles,A Beatles Chillout Tribute Selection,rock,2016
If I Fell (Chill Out Style),The Beatles,A Beatles Chillout Tribute Selection,rock,2016
Fool On the Hill (Chill Out Style),The Beatles,A Beatles Chillout Tribute Selection,rock,2016
Things We Said Today (Chill Out Style),The Beatles,A Beatles Chillout Tribute Selection,rock,2016
You've Got to Hide Your Love Away (Chill Out Style),The Beatles,A Beatles Chillout Tribute Selection,rock,2016
Black Beatles,The Beatles,Black Beatles,rock,2016
Move on Up,Queen,Queen Esther Marrow & The Harlem Gospel Singers,rock,2016
Precious Lord,Queen,Queen Esther Marrow & The Harlem Gospel Singers,rock,2016
Imagine,Queen,Queen Esther Marrow & The Harlem Gospel Singers,rock,2016
Higher and Higher,Queen,Queen Esther Marrow & The Harlem Gospel Singers,rock,2016
Soon I Will Be Done,Queen,Queen Esther Marrow & The Harlem Gospel Singers,rock,2016
So It Goes,Queen,Queen Esther Marrow & The Harlem Gospel Singers,rock,2016
Didn't It Rain,Queen,Queen Esther Marrow & The Harlem Gospel Singers,rock,2016
Bridge over Troubled Water / Still Waters Run Deep,Queen,Queen Esther Marrow & The Harlem Gospel Singers,rock,2016
Elijah Rock,Queen,Queen Esther Marrow & The Harlem Gospel Singers,rock,2016
I'm Going On,Queen,Queen Esther Marrow & The Harlem Gospel Singers,rock,2016
Thank You for the Change,Queen,Queen Esther Marrow & The Harlem Gospel Singers,rock,2016
Give a Little Love,Queen,Queen Esther Marrow & The Harlem Gospel Singers,rock,2016
He May Not Come When You Want Him,Queen,Queen Esther Marrow & The Harlem Gospel Singers,rock,2016
Ultimate Sleep Music,Queen,Somebody to Love: Relaxing Music to Express Gratitude and Love with Nature Sounds,rock,2016
Let It Go,Queen,Somebody to Love: Relaxing Music to Express Gratitude and Love with Nature Sounds,rock,2016
Nature Sounds Nature Music,Queen,Somebody to Love: Relaxing Music to Express Gratitude and Love with Nature Sounds,rock,2016
Zen Music,Queen,Somebody to Love: Relaxing Music to Express Gratitude and Love with Nature Sounds,rock,2016
Relaxing Sounds (Study Music),Queen,Somebody to Love: Relaxing Music to Express Gratitude and Love with Nature Sounds,rock,2016
Bedtime,Queen,Somebody to Love: Relaxing Music to Express Gratitude and Love with Nature Sounds,rock,2016
Asian Zen Spa Music Meditation,Queen,Somebody to Love: Relaxing Music to Express Gratitude and Love with Nature Sounds,rock,2016
Serenity Spa Music Relaxation,Queen,Somebody to Love: Relaxing Music to Express Gratitude and Love with Nature Sounds,rock,2016
Rain Sounds,Queen,Somebody to Love: Relaxing Music to Express Gratitude and Love with Nature Sounds,rock,2016
Best Relaxing SPA Music,Queen,Somebody to Love: Relaxing Music to Express Gratitude and Love with Nature Sounds,rock,2016
Ayurveda,Queen,Somebody to Love: Relaxing Music to Express Gratitude and Love with Nature Sounds,rock,2016
"Deep Meditation, Relaxation Music",Queen,Somebody to Love: Relaxing Music to Express Gratitude and Love with Nature Sounds,rock,2016
Wellness Music,Queen,Somebody to Love: Relaxing Music to Express Gratitude and Love with Nature Sounds,rock,2016
Jacuzzi,Queen,Somebody to Love: Relaxing Music to Express Gratitude and Love with Nature Sounds,rock,2016
The Sleep Experts,Queen,Somebody to Love: Relaxing Music to Express Gratitude and Love with Nature Sounds,rock,2016
Joyful Paradise,Queen,Somebody to Love: Relaxing Music to Express Gratitude and Love with Nature Sounds,rock,2016
Japanese Zen,Queen,Somebody to Love: Relaxing Music to Express Gratitude and Love with Nature Sounds,rock,2016
Magic Time,Queen,Somebody to Love: Relaxing Music to Express Gratitude and Love with Nature Sounds,rock,2016
Indian Vibes,Queen,Somebody to Love: Relaxing Music to Express Gratitude and Love with Nature Sounds,rock,2016
Sounds of Nature White Noise Sound Effects,Queen,Somebody to Love: Relaxing Music to Express Gratitude and Love with Nature Sounds,rock,2016
Healing Soul,Queen,Somebody to Love: Relaxing Music to Express Gratitude and Love with Nature Sounds,rock,2016
Massage Therapy Room,Queen,Somebody to Love: Relaxing Music to Express Gratitude and Love with Nature Sounds,rock,2016
Relaxing Wind,Queen,Somebody to Love: Relaxing Music to Express Gratitude and Love with Nature Sounds,rock,2016
Premium Spa,Queen,Somebody to Love: Relaxing Music to Express Gratitude and Love with Nature Sounds,rock,2016
Hammam,Queen,Somebody to Love: Relaxing Music to Express Gratitude and Love with Nature Sounds,rock,2016
Zen Music Garden,Queen,Somebody to Love: Relaxing Music to Express Gratitude and Love with Nature Sounds,rock,2016
Thermal Waters,Queen,Somebody to Love: Relaxing Music to Express Gratitude and Love with Nature Sounds,rock,2016
Spa Lounge (Relaxing Rain),Queen,Somebody to Love: Relaxing Music to Express Gratitude and Love with Nature Sounds,rock,2016
Meditation Flow,Queen,Somebody to Love: Relaxing Music to Express Gratitude and Love with Nature Sounds,rock,2016
Relaxing Music,Queen,Somebody to Love: Relaxing Music to Express Gratitude and Love with Nature Sounds,rock,2016
Opening the Mind,Queen,Somebody to Love: Relaxing Music to Express Gratitude and Love with Nature Sounds,rock,2016
Breathe,Queen,Somebody to Love: Relaxing Music to Express Gratitude and Love with Nature Sounds,rock,2016
Increase Brain Power,Queen,Somebody to Love: Relaxing Music to Express Gratitude and Love with Nature Sounds,rock,2016
Relaxing Music (Ocean Waves),Queen,Somebody to Love: Relaxing Music to Express Gratitude and Love with Nature Sounds,rock,2016
El Mar,Queen,Somebody to Love: Relaxing Music to Express Gratitude and Love with Nature Sounds,rock,2016
Sea of Relaxation,Queen,Somebody to Love: Relaxing Music to Express Gratitude and Love with Nature Sounds,rock,2016
"Rain Sound for Relaxation, Deep Sleep, Restful Sleep and Healing",Queen,Somebody to Love: Relaxing Music to Express Gratitude and Love with Nature Sounds,rock,2016
New Age Deluxe,Queen,Somebody to Love: Relaxing Music to Express Gratitude and Love with Nature Sounds,rock,2016
Calming Guitar,Queen,Somebody to Love: Relaxing Music to Express Gratitude and Love with Nature Sounds,rock,2016
Massage Therapy Music,Queen,Somebody to Love: Relaxing Music to Express Gratitude and Love with Nature Sounds,rock,2016
Spa Music Collection,Queen,Somebody to Love: Relaxing Music to Express Gratitude and Love with Nature Sounds,rock,2016
REM Deep Sleep Inducing,Queen,Somebody to Love: Relaxing Music to Express Gratitude and Love with Nature Sounds,rock,2016
Spa Weekends,Queen,Somebody to Love: Relaxing Music to Express Gratitude and Love with Nature Sounds,rock,2016
Sauna Time,Queen,Somebody to Love: Relaxing Music to Express Gratitude and Love with Nature Sounds,rock,2016
Sleep Sounds of Nature,Queen,Somebody to Love: Relaxing Music to Express Gratitude and Love with Nature Sounds,rock,2016
Buenas Noches,Queen,Somebody to Love: Relaxing Music to Express Gratitude and Love with Nature Sounds,rock,2016
First Love,Queen,Somebody to Love: Relaxing Music to Express Gratitude and Love with Nature Sounds,rock,2016
Thai Massage,Queen,Somebody to Love: Relaxing Music to Express Gratitude and Love with Nature Sounds,rock,2016
City of Hope,Queen,Somebody to Love: Relaxing Music to Express Gratitude and Love with Nature Sounds,rock,2016
Sleep Songs with Nature Sounds,Queen,Somebody to Love: Relaxing Music to Express Gratitude and Love with Nature Sounds,rock,2016
"Hark, Hark What News",Queen,Caroling at Ephesus,rock,2016
Coventry Carol,Queen,Caroling at Ephesus,rock,2016
I Saw Three Ships,Queen,Caroling at Ephesus,rock,2016
Ukranian Bell Carol,Queen,Caroling at Ephesus,rock,2016
What Tydynges,Queen,Caroling at Ephesus,rock,2016
Verbum Caro Factum Est,Queen,Caroling at Ephesus,rock,2016
What Child Is This,Queen,Caroling at Ephesus,rock,2016
Good King Wenceslaus,Queen,Caroling at Ephesus,rock,2016
Patapan,Queen,Caroling at Ephesus,rock,2016
Down in Yon Forest,Queen,Caroling at Ephesus,rock,2016
Past 3 O'Clock,Queen,Caroling at Ephesus,rock,2016
Lulajze Jezuniu,Queen,Caroling at Ephesus,rock,2016
God Rest Ye Merry Gentlemen,Queen,Caroling at Ephesus,rock,2016
"Josef Lieber, Josef Mein",Queen,Caroling at Ephesus,rock,2016
Personent Hodie,Queen,Caroling at Ephesus,rock,2016
The Echo Carol,Queen,Caroling at Ephesus,rock,2016
O Holy Night,Queen,Caroling at Ephesus,rock,2016
A Virgin Most Pure,Queen,Caroling at Ephesus,rock,2016
Carol of the Christ Child,Queen,Caroling at Ephesus,rock,2016
Sussex Carol,Queen,Caroling at Ephesus,rock,2016
There Is No Rose,Queen,Caroling at Ephesus,rock,2016
Joys Seven,Queen,Caroling at Ephesus,rock,2016
Quem Pastores,Queen,Caroling at Ephesus,rock,2016
O Come All Ye Faithful,Queen,Caroling at Ephesus,rock,2016
iT,Queen,Chaleur Humaine (Deluxe Edition),rock,2016
Saint Claude,Queen,Chaleur Humaine (Deluxe Edition),rock,2016
Tilted,Queen,Chaleur Humaine (Deluxe Edition),rock,2016
No Harm Is Done,Queen,Chaleur Humaine (Deluxe Edition),rock,2016
Science Fiction,Queen,Chaleur Humaine (Deluxe Edition),rock,2016
Paradis Perdus,Queen,Chaleur Humaine (Deluxe Edition),rock,2016
Half Ladies,Queen,Chaleur Humaine (Deluxe Edition),rock,2016
Jonathan,Queen,Chaleur Humaine (Deluxe Edition),rock,2016
Narcissus Is Back,Queen,Chaleur Humaine (Deluxe Edition),rock,2016
Safe and Holy,Queen,Chaleur Humaine (Deluxe Edition),rock,2016
Night 52,Queen,Chaleur Humaine (Deluxe Edition),rock,2016
Here,Queen,Chaleur Humaine (Deluxe Edition),rock,2016
Saint Claude (Version Française),Queen,Chaleur Humaine (Deluxe Edition),rock,2016
Christine,Queen,Chaleur Humaine (Deluxe Edition),rock,2016
Chaleur Humaine,Queen,Chaleur Humaine (Deluxe Edition),rock,2016
Ugly-Pretty,Queen,Chaleur Humaine (Deluxe Edition),rock,2016
Intranquillité,Queen,Chaleur Humaine (Deluxe Edition),rock,2016
Amazoniaque,Queen,Chaleur Humaine (Deluxe Edition),rock,2016
Purse First (feat. DJ Mitch Ferrino),Queen,Purse First (feat. DJ Mitch Ferrino),rock,2016
Asyphyx,Queen,Star Blood,rock,2016
Naked,Queen,Star Blood,rock,2016
Star Ruby,Queen,Star Blood,rock,2016
Insidious,Queen,Star Blood,rock,2016
Alchemy,Queen,Star Blood,rock,2016
"Now, When I'm This",Queen,Fever Daydream,rock,2016
Ice to Never,Queen,Fever Daydream,rock,2016
The End Where We Start,Queen,Fever Daydream,rock,2016
Secret Scream,Queen,Fever Daydream,rock,2016
Maybe We Should / Non-Consent,Queen,Fever Daydream,rock,2016
Distanced,Queen,Fever Daydream,rock,2016
Strange Quark,Queen,Fever Daydream,rock,2016
That Death Cannot Touch,Queen,Fever Daydream,rock,2016
Taman Shud,Queen,Fever Daydream,rock,2016
Apocalypse Morning,Queen,Fever Daydream,rock,2016
"My Fairy King - BBC Session / February 5th 1973, Langham 1 Studio",Queen,On Air,rock,2016
"Keep Yourself Alive - BBC Session / February 5th 1973, Langham 1 Studio",Queen,On Air,rock,2016
"Doing All Right - BBC Session / February 5th 1973, Langham 1 Studio",Queen,On Air,rock,2016
"Liar - BBC Session / February 5th 1973, Langham 1 Studio",Queen,On Air,rock,2016
"See What A Fool I've Been - BBC Session / July 25th 1973, Langham 1 Studio",Queen,On Air,rock,2016
"Keep Yourself Alive - BBC Session / July 25th 1973, Langham 1 Studio",Queen,On Air,rock,2016
"Liar - BBC Session / July 25th 1973, Langham 1 Studio",Queen,On Air,rock,2016
"Son And Daughter - BBC Session / July 25th 1973, Langham 1 Studio",Queen,On Air,rock,2016
"Ogre Battle - BBC Session / December 3rd 1973, Langham 1 Studio",Queen,On Air,rock,2016
"Modern Times Rock 'n' Roll - BBC Session / December 3rd 1973, Langham 1 Studio",Queen,On Air,rock,2016
"Great King Rat - BBC Session / December 3rd 1973, Langham 1 Studio",Queen,On Air,rock,2016
"Son And Daughter - BBC Session / December 3rd 1973, Langham 1 Studio",Queen,On Air,rock,2016
"Modern Times Rock 'n' Roll - BBC Session / April 3rd 1974, Langham 1 Studio",Queen,On Air,rock,2016
"Nevermore - BBC Session / April 3rd 1974, Langham 1 Studio",Queen,On Air,rock,2016
"White Queen (As It Began) - BBC Session / April 3rd 1974, Langham 1 Studio",Queen,On Air,rock,2016
"Now I'm Here - BBC Session / October 16th 1974, Maida Vale 4 Studio",Queen,On Air,rock,2016
"Stone Cold Crazy - BBC Session / October 16th 1974, Maida Vale 4 Studio",Queen,On Air,rock,2016
"Flick Of The Wrist - BBC Session / October 16th 1974, Maida Vale 4 Studio",Queen,On Air,rock,2016
"Tenement Funster - BBC Session / October 16th 1974, Maida Vale 4 Studio",Queen,On Air,rock,2016
"We Will Rock You - BBC Session / October 28th 1977, Maida Vale 4 Studio",Queen,On Air,rock,2016
"We Will Rock You (Fast) - BBC Session / October 28th 1977, Maida Vale 4 Studio",Queen,On Air,rock,2016
"Spread Your Wings - BBC Session / October 28th 1977, Maida Vale 4 Studio",Queen,On Air,rock,2016
"It's Late - BBC Session / October 28th 1977, Maida Vale 4 Studio",Queen,On Air,rock,2016
"My Melancholy Blues - BBC Session / October 28th 1977, Maida Vale 4 Studio",Queen,On Air,rock,2016
iT,Queen,Chaleur Humaine,rock,2016
Saint Claude,Queen,Chaleur Humaine,rock,2016
Tilted,Queen,Chaleur Humaine,rock,2016
No Harm Is Done,Queen,Chaleur Humaine,rock,2016
Science Fiction,Queen,Chaleur Humaine,rock,2016
Paradis Perdus,Queen,Chaleur Humaine,rock,2016
Half Ladies,Queen,Chaleur Humaine,rock,2016
Jonathan,Queen,Chaleur Humaine,rock,2016
Narcissus Is Back,Queen,Chaleur Humaine,rock,2016
Safe and Holy,Queen,Chaleur Humaine,rock,2016
Night 52,Queen,Chaleur Humaine,rock,2016
Here,Queen,Chaleur Humaine,rock,2016
Ave Verum,Queen,Adoration at Ephesus,rock,2016
O Salutaris,Queen,Adoration at Ephesus,rock,2016
"Jesus My Lord, My God, My All",Queen,Adoration at Ephesus,rock,2016
Tantum Ergo - Mode II,Queen,Adoration at Ephesus,rock,2016
Verbum Caro,Queen,Adoration at Ephesus,rock,2016
Adoro Te,Queen,Adoration at Ephesus,rock,2016
Ecce Panis Angelorum,Queen,Adoration at Ephesus,rock,2016
Jesu Nostra Refectio,Queen,Adoration at Ephesus,rock,2016
O Lord I Am Not Worthy,Queen,Adoration at Ephesus,rock,2016
Tantum Ergo - Traditional Melody,Queen,Adoration at Ephesus,rock,2016
Homo Quidam,Queen,Adoration at Ephesus,rock,2016
O Sacrum Convivium,Queen,Adoration at Ephesus,rock,2016
Misericordias Domini,Queen,Adoration at Ephesus,rock,2016
Domine Non Sum Dignus,Queen,Adoration at Ephesus,rock,2016
Tantum Ergo - mel. Gauntlett,Queen,Adoration at Ephesus,rock,2016
Soul of My Savior,Queen,Adoration at Ephesus,rock,2016
Adoramus Te,Queen,Adoration at Ephesus,rock,2016
Lauda Sion,Queen,Adoration at Ephesus,rock,2016
O Esca Viatorum,Queen,Adoration at Ephesus,rock,2016
Adoremus In Aeternum,Queen,Adoration at Ephesus,rock,2016
Panis Angelicus,Queen,Adoration at Ephesus,rock,2016
Ego Sum Panis,Queen,Adoration at Ephesus,rock,2016
Te Laudamus,Queen,Adoration at Ephesus,rock,2016
"Holy God, We Praise Thy Name",Queen,Adoration at Ephesus,rock,2016
Burn the Witch,Radiohead,A Moon Shaped Pool,rock,2016
Daydreaming,Radiohead,A Moon Shaped Pool,rock,2016
Decks Dark,Radiohead,A Moon Shaped Pool,rock,2016
Desert Island Disk,Radiohead,A Moon Shaped Pool,rock,2016
Ful Stop,Radiohead,A Moon Shaped Pool,rock,2016
Glass Eyes,Radiohead,A Moon Shaped Pool,rock,2016
Identikit,Radiohead,A Moon Shaped Pool,rock,2016
The Numbers,Radiohead,A Moon Shaped Pool,rock,2016
Present Tense,Radiohead,A Moon Shaped Pool,rock,2016
Tinker Tailor Soldier Sailor Rich Man Poor Man Beggar Man Thief,Radiohead,A Moon Shaped Pool,rock,2016
True Love Waits,Radiohead,A Moon Shaped Pool,rock,2016
Spectre,Radiohead,Spectre,rock,2016
Ill Wind,Radiohead,Ill Wind,rock,2016
Supercollider,Radiohead,Supercollider / The Butcher,rock,2016
The Butcher,Radiohead,Supercollider / The Butcher,rock,2016
Harry Patch (In Memory Of),Radiohead,Harry Patch (In Memory Of),rock,2016
Daydreaming,Radiohead,Daydreaming,rock,2016
Burn the Witch,Radiohead,Burn the Witch,rock,2016
Daydreaming,Radiohead,Daydreaming,rock,2016
Burn the Witch,Radiohead,Burn the Witch,rock,2016
Intro - Live,Imagine Dragons,Smoke + Mirrors Live (Live At The Air Canada Centre),rock,2016
Shots - Live,Imagine Dragons,Smoke + Mirrors Live (Live At The Air Canada Centre),rock,2016
Trouble - Live,Imagine Dragons,Smoke + Mirrors Live (Live At The Air Canada Centre),rock,2016
It's Time - Live,Imagine Dragons,Smoke + Mirrors Live (Live At The Air Canada Centre),rock,2016
Forever Young / Smoke And Mirrors - Live,Imagine Dragons,Smoke + Mirrors Live (Live At The Air Canada Centre),rock,2016
Polaroid - Live,Imagine Dragons,Smoke + Mirrors Live (Live At The Air Canada Centre),rock,2016
I'm So Sorry - Live,Imagine Dragons,Smoke + Mirrors Live (Live At The Air Canada Centre),rock,2016
Thief - Live,Imagine Dragons,Smoke + Mirrors Live (Live At The Air Canada Centre),rock,2016
Gold - Live,Imagine Dragons,Smoke + Mirrors Live (Live At The Air Canada Centre),rock,2016
Demons / Bleeding Out / Warriors - Live,Imagine Dragons,Smoke + Mirrors Live (Live At The Air Canada Centre),rock,2016
Amsterdam - Live,Imagine Dragons,Smoke + Mirrors Live (Live At The Air Canada Centre),rock,2016
Hopeless Opus - Live,Imagine Dragons,Smoke + Mirrors Live (Live At The Air Canada Centre),rock,2016
On Top Of The World - Live,Imagine Dragons,Smoke + Mirrors Live (Live At The Air Canada Centre),rock,2016
Friction - Live,Imagine Dragons,Smoke + Mirrors Live (Live At The Air Canada Centre),rock,2016
Release - Live,Imagine Dragons,Smoke + Mirrors Live (Live At The Air Canada Centre),rock,2016
I Bet My Life - Live,Imagine Dragons,Smoke + Mirrors Live (Live At The Air Canada Centre),rock,2016
Radioactive - Live,Imagine Dragons,Smoke + Mirrors Live (Live At The Air Canada Centre),rock,2016
The Fall - Live,Imagine Dragons,Smoke + Mirrors Live (Live At The Air Canada Centre),rock,2016
Levitate - From The Original Motion Picture “Passengers”,Imagine Dragons,Levitate (From The Original Motion Picture “Passengers”),rock,2016
Gold - Jorgen Odegard Remix,Imagine Dragons,Gold (Jorgen Odegard Remix),rock,2016
Don't Wanna Know - Ryan Riback Remix,Maroon 5,Don't Wanna Know (Ryan Riback Remix),rock,2016
Old Fashioned Love,Maná,Old Fashioned Love,rock,2016
Dalagang Pilipina,Maná,Guitarmaster Vol. 4: The Best Of Pilipino Folk Songs,rock,2016
Carinosa,Maná,Guitarmaster Vol. 4: The Best Of Pilipino Folk Songs,rock,2016
Rosas Pandan,Maná,Guitarmaster Vol. 4: The Best Of Pilipino Folk Songs,rock,2016
Bundok Banahaw,Maná,Guitarmaster Vol. 4: The Best Of Pilipino Folk Songs,rock,2016
Lulay,Maná,Guitarmaster Vol. 4: The Best Of Pilipino Folk Songs,rock,2016
Pandangguhan,Maná,Guitarmaster Vol. 4: The Best Of Pilipino Folk Songs,rock,2016
Salakot,Maná,Guitarmaster Vol. 4: The Best Of Pilipino Folk Songs,rock,2016
Ti Ayat,Maná,Guitarmaster Vol. 4: The Best Of Pilipino Folk Songs,rock,2016
Sinisinta Kita,Maná,Guitarmaster Vol. 4: The Best Of Pilipino Folk Songs,rock,2016
Usahay,Maná,Guitarmaster Vol. 4: The Best Of Pilipino Folk Songs,rock,2016
Baleleng,Maná,Guitarmaster Vol. 4: The Best Of Pilipino Folk Songs,rock,2016
Sarung Bangi,Maná,Guitarmaster Vol. 4: The Best Of Pilipino Folk Songs,rock,2016
Atin Cu Pung Sing Sing,Maná,Guitarmaster Vol. 4: The Best Of Pilipino Folk Songs,rock,2016
Zamboanga,Maná,Guitarmaster Vol. 4: The Best Of Pilipino Folk Songs,rock,2016
Walay Angay,Maná,Guitarmaster Vol. 4: The Best Of Pilipino Folk Songs,rock,2016
Sa Kabukiran,Maná,Guitarmaster Vol. 4: The Best Of Pilipino Folk Songs,rock,2016
Dandansoy,Maná,Guitarmaster Vol. 4: The Best Of Pilipino Folk Songs,rock,2016
Oalay Manoc Con Taraz,Maná,Guitarmaster Vol. 4: The Best Of Pilipino Folk Songs,rock,2016
Ilocano Medley: Naraniag Nga Bulan / Manang Biday / Pamulinawen / Naraniag,Maná,Guitarmaster Vol. 4: The Best Of Pilipino Folk Songs,rock,2016
All the Time,Maná,All the Time,rock,2016
Nostalgia Drive,Maná,Game Over,rock,2016
Tell Me More,Maná,Game Over,rock,2016
Lethargy,Maná,Game Over,rock,2016
Ten,Maná,Game Over,rock,2016
Over & Over,Maná,Game Over,rock,2016
Frozen Fireworks,Maná,Game Over,rock,2016
Gali Allo Allo (Live),Maná,Gali Allo Allo (Live),rock,2016
Min Staakalt Ana,Maná,Min Staakalt Ana,rock,2016
Someday / Let Me Be With You / You Are Always In My Heart,Maná,Guitar Legendary Hits,rock,2016
If You Love Me,Maná,Guitar Legendary Hits,rock,2016
Verboten,Maná,Guitar Legendary Hits,rock,2016
I Miss You So / Faithful Love,Maná,Guitar Legendary Hits,rock,2016
Cha-cha No. 1 / Cha-cha On The Rocks / Rico Basilon,Maná,Guitar Legendary Hits,rock,2016
Hawiian Wedding Song,Maná,Guitar Legendary Hits,rock,2016
Just For Tonight,Maná,Guitar Legendary Hits,rock,2016
Never On Sunday / Moonlight Bay / Lessons In Love,Maná,Guitar Legendary Hits,rock,2016
All Alone Am I,Maná,Guitar Legendary Hits,rock,2016
Bossa Nova Medley,Maná,Guitar Legendary Hits,rock,2016
My Love For You,Maná,Guitar Legendary Hits,rock,2016
Blue Hawaii,Maná,Guitar Legendary Hits,rock,2016
B.O.M.O.,Maná,B.O.M.O.,rock,2016
Faithful Love,Maná,GuitarMaster Coronet's,rock,2016
No Other Love,Maná,GuitarMaster Coronet's,rock,2016
Maria Elena / Perfidia / Aquellos Ojos Verdes,Maná,GuitarMaster Coronet's,rock,2016
I'd Never Find Another You,Maná,GuitarMaster Coronet's,rock,2016
Melodia De Un Amor / Quien Sera / Cherry Pink And Apple Bossom White,Maná,GuitarMaster Coronet's,rock,2016
Isle Of Capri / Sweet and Gentle / Historia De Un Amor,Maná,GuitarMaster Coronet's,rock,2016
Fascination,Maná,GuitarMaster Coronet's,rock,2016
Harbour Lights / You Don't Know Me,Maná,GuitarMaster Coronet's,rock,2016
Someday / Let Me Be With You / You Are Always In My Heart,Maná,GuitarMaster Coronet's,rock,2016
Carmelita / Yellowbird / Besame Mucho,Maná,GuitarMaster Coronet's,rock,2016
Everybody Loves A Lover,Maná,GuitarMaster Coronet's,rock,2016
Blame It On The Bossa Nova,Maná,GuitarMaster Coronet's,rock,2016
Goodbye Sorrow,Maná,Double Trouble,rock,2016
Jump & Prance,Maná,Double Trouble,rock,2016
Angel,Maná,Double Trouble,rock,2016
Too Many,Maná,Double Trouble,rock,2016
Trouble Again,Maná,Double Trouble,rock,2016
Hustling,Maná,Double Trouble,rock,2016
Crazy Time,Maná,Double Trouble,rock,2016
Rouge feu,Maná,Double Trouble,rock,2016
Lazy,Maná,Double Trouble,rock,2016
Brigante Team,Maná,Double Trouble,rock,2016
